id;username;full_name;contacts;image_url;level;email;is_active;is_acailable
1;e-enable Ergonomic Concrete Table;24/365;sexy fuchsia;Salad Small primary;Unbranded Granite Mouse Florida;Oceane74@yahoo.com;false;true
2;Row;secured line tan pro;Borders;Handcrafted Metal Mouse;transmit;Remington.Stokes90@hotmail.com;false;false
3;Awesome Outdoors THX;process improvement;driver Democratic People's Republic of Korea;Legacy withdrawal;web-enabled world-class Borders;Kylie2@yahoo.com;true;false
4;Agent Sleek Cotton Gloves repurpose;Money Market Account;Industrial;synthesizing;mobile Cambridgeshire web services;Cletus_Schumm15@hotmail.com;false;true
5;markets Toys Haven;copy payment gold;Tactics Cocos (Keeling) Islands exploit;matrix Fish;hack Alabama Mauritius;Simone_Waters@hotmail.com;false;false
6;Pizza;models Practical Fre;grey Robust convergence;Facilitator;Bedfordshire;Devan85@gmail.com;false;true
7;Unions;Metal;Assistant;Ball;XML Unbranded auxiliary;Zoila.Blanda6@hotmail.com;false;true
8;grow Implemented Clothing;Cuba;Reactive;Nepalese Rupee;open-source Metal Ergonomic Cotton Table;Alfonso.Kuphal@gmail.com;false;true
9;Administrator Kansas;HTTP Personal Loan A;JBOD;explicit USB;communities;Chance83@hotmail.com;true;false
10;embrace morph Cotton;Iowa withdrawal prot;Prairie;Small;deposit National;Treva.Auer29@hotmail.com;false;true
